First Word,Second Word,Third Word,,,,
lamp,post,mark,,,,
artificial,intelligence,quotient,,,,
car,show,business,,,,
bengal,tiger,shark,,,,
space,ship,wreck,,,,
cow,bell,hop,,,,
going,bald,eagle,,,,
special,order,up,,,,
money,ball,pit,,,,
muscle,milk,shake,,,,
micro,soft,ware,,,,
water,bottle,neck,,,,
green,apple,computer,,,,
couch,potato,chip,,,,
pack,rat,race,,,,
optimus,prime,rib,,,,
subatomic,particle,physics,,,,
movie ,marathon,runner,,,,
break ,time,management,,,,
deep,space,craft,,,,
motor,oil,painting,,,,
broken,heart,surgery,,,,
wheel of ,fortune,cookie,,,,
forest,fire,hazard,,,,
fire,alarm,clock,,,,
anger,management,position,,,,*
assembly,line,dancing,,,,-
snow,crab,cake,,,,
pilot,light,fixture,,,,
corn,oil,lamp,,,,
gene,pool,party,,,,
mountain,range,rover,,,,
snow,ball,room,,,,
lap,top,hat,,,,
ice,crystal,meth,,,,
flammable,substance,abuse,,,,
time,travel,agent,,,,
bed,room,service,,,,
iced,tea,party,,,,
force,field,commander,,,,
pink,eye,brow,,,,
dragon,fruit,punch,,,,
advertising,campaign,manager,,,,
basket,ball,boy,,,,
taco,bell,boy,,,,
taylor,swift,key,,,,
snap,back,pack,,,,
thigh,gap,year,,,,
smart,watch,tower,,,,
grid,iron,man,,,,
iron,man,made,,,,
space,bar,bell,,,,
key,board,game,,,,
sun,dial,tone,,,,
shower,head,ache,,,,
photo,copy,cat,,,,
power,point,blank,,,,
camera,man,hunt,,,,
beat,boxer,rebellion,,,,
ball,game,board,,,,
first,kiss,cam,,,,
black,ice,cream,,,,
flappy,bird,watching,,,,
soda,pop,corn,,,,
juice,box,tops,,,,
eye,glass,slippers,,,,
bird,bath,room,,,,
face,book,shelf,,,,
flat,stanley,cup,,,,
heavy,weight,watchers,,,,